time,variable,wp,value
2.0,DO,WP1,0.0
2.0,DO,WP2,3.854002601028013e-37
2.0,DO,WP3,6.265297359175517e-37
6.0,DO,WP1,0.0
6.0,DO,WP2,1.2227675173561781e-32
6.0,DO,WP3,3.82397422403709e-32
10.0,DO,WP1,0.0
10.0,DO,WP2,1.2427389471469524e-29
10.0,DO,WP3,1.7556704187696155e-27
14.0,DO,WP1,0.0
14.0,DO,WP2,1.8270761639738176e-11
14.0,DO,WP3,2.074349893244065e-11
21.0,DO,WP1,0.0
21.0,DO,WP2,1.2429218244902618e-11
21.0,DO,WP3,5.128255025493855e-12
28.0,DO,WP1,0.0
28.0,DO,WP2,2.0040514386865382e-11
28.0,DO,WP3,1.3849796309806095e-11
35.0,DO,WP1,0.0
35.0,DO,WP2,2.68522573967922e-12
35.0,DO,WP3,3.1221017524757366e-12
42.0,DO,WP1,0.0
42.0,DO,WP2,2.636826521018598e-12
42.0,DO,WP3,3.1835025067483702e-12
56.0,DO,WP1,0.0
56.0,DO,WP2,9.338809239811674e-12
56.0,DO,WP3,1.0771366437678509e-11
70.0,DO,WP1,0.0
70.0,DO,WP2,2.021110362404599e-11
70.0,DO,WP3,2.8787618122638747e-11
85.0,DO,WP1,3.691327599914641e-38
85.0,DO,WP2,3.4190792558286276e-11
85.0,DO,WP3,4.292839694830519e-11
98.0,DO,WP1,4.900276412610658e-34
98.0,DO,WP2,5.647389500484934e-11
98.0,DO,WP3,6.654102269187945e-11
112.0,DO,WP1,9.37961105325674e-34
112.0,DO,WP2,5.2400958572285106e-11
112.0,DO,WP3,7.483611647041144e-11
126.0,DO,WP1,4.656358479305075e-36
126.0,DO,WP2,7.830321807622553e-11
126.0,DO,WP3,1.0650938464529247e-10
140.0,DO,WP1,7.221727842108677e-38
140.0,DO,WP2,1.5320984758648848e-10
140.0,DO,WP3,1.9445019205921454e-10
161.0,DO,WP1,0.0
161.0,DO,WP2,3.580119811719129e-10
161.0,DO,WP3,5.255272883530893e-10
196.0,DO,WP1,0.0
196.0,DO,WP2,6.168989208354958e-10
196.0,DO,WP3,9.174594972627403e-10
224.0,DO,WP1,1.1621684284212917e-36
224.0,DO,WP2,2.3258678316651071e-10
224.0,DO,WP3,2.4763663342142195e-10
252.0,DO,WP1,1.3793846495330047e-34
252.0,DO,WP2,2.1645106540457704e-10
252.0,DO,WP3,2.4588384106571937e-10
280.0,DO,WP1,8.690668507919182e-34
280.0,DO,WP2,8.36022917560797e-11
280.0,DO,WP3,9.867605343938379e-11
308.0,DO,WP1,4.819308908434207e-37
308.0,DO,WP2,3.655600822050076e-11
308.0,DO,WP3,4.682403076383679e-11
336.0,DO,WP1,0.0
336.0,DO,WP2,6.9330461510697106e-12
336.0,DO,WP3,1.0341893140475289e-11
364.0,DO,WP1,6.795035262318699e-37
364.0,DO,WP2,1.3043354590847045e-11
364.0,DO,WP3,1.7881342240233522e-11
392.0,DO,WP1,6.0225947072320014e-37
392.0,DO,WP2,5.788197178502319e-12
392.0,DO,WP3,7.573031611529668e-12
420.0,DO,WP1,6.7859696459816575e-37
420.0,DO,WP2,8.629300073982604e-13
420.0,DO,WP3,1.1269730808283196e-12
455.0,DO,WP1,0.0
455.0,DO,WP2,1.6021533058574455e-11
455.0,DO,WP3,2.320259262500457e-11
490.0,DO,WP1,0.0
490.0,DO,WP2,1.2068683552524107e-10
490.0,DO,WP3,1.4833594075280843e-10
518.0,DO,WP1,1.5466727543379423e-37
518.0,DO,WP2,2.2958750178769805e-10
518.0,DO,WP3,2.793298092829133e-10
546.0,DO,WP1,1.081115226660164e-35
546.0,DO,WP2,3.4820121785905656e-10
546.0,DO,WP3,4.1130757133522877e-10
574.0,DO,WP1,2.5671443483320056e-36
574.0,DO,WP2,2.522510811342471e-10
574.0,DO,WP3,3.138139748060098e-10
609.0,DO,WP1,5.4643236768621145e-37
609.0,DO,WP2,2.0205993822575152e-10
609.0,DO,WP3,2.525675502074165e-10
644.0,DO,WP1,6.698954616540944e-37
644.0,DO,WP2,2.3321228281858453e-10
644.0,DO,WP3,2.657137287975786e-10
672.0,DO,WP1,4.474143312779261e-37
672.0,DO,WP2,4.9032333748755264e-11
672.0,DO,WP3,5.7874371961474935e-11
700.0,DO,WP1,4.990846673918925e-36
700.0,DO,WP2,1.3397706555284827e-11
700.0,DO,WP3,1.8627144965366327e-11
728.0,DO,WP1,2.068449656697541e-39
728.0,DO,WP2,1.7371621502393353e-11
728.0,DO,WP3,2.1502173305765204e-11
756.0,DO,WP1,7.191084359394699e-37
756.0,DO,WP2,3.617428578905901e-11
756.0,DO,WP3,4.8778380640213115e-11
791.0,DO,WP1,9.283566901326735e-37
791.0,DO,WP2,5.3689237083931474e-11
791.0,DO,WP3,7.000790919198252e-11
826.0,DO,WP1,1.8948782035671297e-36
826.0,DO,WP2,2.639483076549709e-10
826.0,DO,WP3,3.3070865490536505e-10
854.0,DO,WP1,6.392071956832741e-36
854.0,DO,WP2,5.106400857712856e-10
854.0,DO,WP3,6.304978761306756e-10
2.0,N5,WP1,0.0
2.0,N5,WP2,2.01174639459833e-38
2.0,N5,WP3,3.8648492677132117e-38
6.0,N5,WP1,0.0
6.0,N5,WP2,1.5895152161254054e-32
6.0,N5,WP3,6.64167943949062e-32
10.0,N5,WP1,0.0
10.0,N5,WP2,9.704995110626146e-29
10.0,N5,WP3,4.589817695193351e-26
14.0,N5,WP1,0.0
14.0,N5,WP2,6.239602498681052e-06
14.0,N5,WP3,8.76580634212587e-06
21.0,N5,WP1,0.0
21.0,N5,WP2,8.56255974213127e-06
21.0,N5,WP3,3.5534553717297968e-06
28.0,N5,WP1,0.0
28.0,N5,WP2,1.655704909353517e-05
28.0,N5,WP3,1.306266312894877e-05
35.0,N5,WP1,0.0
35.0,N5,WP2,1.88733304185007e-06
35.0,N5,WP3,2.5296019430243177e-06
42.0,N5,WP1,0.0
42.0,N5,WP2,2.1569371710938867e-06
42.0,N5,WP3,2.834615315805422e-06
56.0,N5,WP1,0.0
56.0,N5,WP2,5.846339718118543e-06
56.0,N5,WP3,7.531964001827873e-06
70.0,N5,WP1,0.0
70.0,N5,WP2,1.4298403584689368e-05
70.0,N5,WP3,2.2662752598989755e-05
85.0,N5,WP1,3.403975375002344e-39
85.0,N5,WP2,2.66514271061169e-05
85.0,N5,WP3,3.7147183320485055e-05
98.0,N5,WP1,3.3677302445009086e-34
98.0,N5,WP2,4.901142528979108e-05
98.0,N5,WP3,6.625177047681063e-05
112.0,N5,WP1,8.613669036165515e-34
112.0,N5,WP2,5.443070403998718e-05
112.0,N5,WP3,7.902860670583323e-05
126.0,N5,WP1,2.6155136736795314e-36
126.0,N5,WP2,7.96205858932808e-05
126.0,N5,WP3,0.00010523753735469654
140.0,N5,WP1,2.0770847380944032e-38
140.0,N5,WP2,0.00016252146451734006
140.0,N5,WP3,0.0002007181174121797
161.0,N5,WP1,0.0
161.0,N5,WP2,0.00026501892716623843
161.0,N5,WP3,0.0003076957364100963
196.0,N5,WP1,0.0
196.0,N5,WP2,0.0003274020564276725
196.0,N5,WP3,0.00034085314837284386
224.0,N5,WP1,4.833463592378168e-37
224.0,N5,WP2,0.0002885831636376679
224.0,N5,WP3,0.00030825991416350007
252.0,N5,WP1,1.2726592904110673e-34
252.0,N5,WP2,0.00017291581025347114
252.0,N5,WP3,0.00019130123837385327
280.0,N5,WP1,1.0934452124768765e-33
280.0,N5,WP2,9.18212317628786e-05
280.0,N5,WP3,0.00011109205661341548
308.0,N5,WP1,1.7267882600863626e-37
308.0,N5,WP2,4.1169205360347405e-05
308.0,N5,WP3,5.3807496442459524e-05
336.0,N5,WP1,0.0
336.0,N5,WP2,3.842395017272793e-06
336.0,N5,WP3,6.010381639498519e-06
364.0,N5,WP1,2.080767462562526e-37
364.0,N5,WP2,8.364328095922247e-06
364.0,N5,WP3,1.2260418770893011e-05
392.0,N5,WP1,1.7475297194359128e-37
392.0,N5,WP2,2.511607817723416e-06
392.0,N5,WP3,3.7127067571418593e-06
420.0,N5,WP1,1.9358599730938367e-37
420.0,N5,WP2,3.884077273141884e-07
420.0,N5,WP3,6.104044700805389e-07
455.0,N5,WP1,0.0
455.0,N5,WP2,1.0780199772852939e-05
455.0,N5,WP3,1.6866957594174892e-05
490.0,N5,WP1,0.0
490.0,N5,WP2,0.00012226594844833016
490.0,N5,WP3,0.00014733450370840728
518.0,N5,WP1,3.280779099472456e-38
518.0,N5,WP2,0.00019388494547456503
518.0,N5,WP3,0.00022453606652561575
546.0,N5,WP1,5.686972290430739e-36
546.0,N5,WP2,0.0002560711873229593
546.0,N5,WP3,0.00028808953356929123
574.0,N5,WP1,1.0279723747307995e-36
574.0,N5,WP2,0.0002104870363837108
574.0,N5,WP3,0.00024179965839721262
609.0,N5,WP1,1.615054325734959e-37
609.0,N5,WP2,0.00026255083503201604
609.0,N5,WP3,0.0003068735240958631
644.0,N5,WP1,2.364797433023663e-37
644.0,N5,WP2,0.00019988133863080293
644.0,N5,WP3,0.00022526107204612345
672.0,N5,WP1,1.4915317718706379e-37
672.0,N5,WP2,3.995423321612179e-05
672.0,N5,WP3,4.7855282900854945e-05
700.0,N5,WP1,2.4023435774482526e-36
700.0,N5,WP2,9.523525477561634e-06
700.0,N5,WP3,1.4073554666538257e-05
728.0,N5,WP1,2.2618498642513305e-40
728.0,N5,WP2,1.4569922313967254e-05
728.0,N5,WP3,1.937971501320135e-05
756.0,N5,WP1,2.315832028940577e-37
756.0,N5,WP2,3.245020343456417e-05
756.0,N5,WP3,4.669834015658125e-05
791.0,N5,WP1,3.0147541887716743e-37
791.0,N5,WP2,5.2744089771294966e-05
791.0,N5,WP3,7.008790998952463e-05
826.0,N5,WP1,7.2921164092182385e-37
826.0,N5,WP2,0.00021548323275055736
826.0,N5,WP3,0.00025108506088145077
854.0,N5,WP1,3.1548129613460455e-36
854.0,N5,WP2,0.00027273318846710026
854.0,N5,WP3,0.0003019279974978417
2.0,S6,WP1,5.5110009270720184e-05
2.0,S6,WP2,9.351503103971481e-05
2.0,S6,WP3,9.77778181550093e-05
6.0,S6,WP1,5.510269329533912e-05
6.0,S6,WP2,0.0003847476909868419
6.0,S6,WP3,0.00042577044223435223
10.0,S6,WP1,5.509505353984423e-05
10.0,S6,WP2,0.0006507252692244947
10.0,S6,WP3,0.000709284795448184
14.0,S6,WP1,5.508361937245354e-05
14.0,S6,WP2,0.0008454424678348005
14.0,S6,WP3,0.0009179056505672634
21.0,S6,WP1,5.5062722822185606e-05
21.0,S6,WP2,0.0010082877706736326
21.0,S6,WP3,0.0010248018661513925
28.0,S6,WP1,5.507430250872858e-05
28.0,S6,WP2,0.0011384356766939163
28.0,S6,WP3,0.0011408423306420445
35.0,S6,WP1,5.522111678146757e-05
35.0,S6,WP2,0.00115144532173872
35.0,S6,WP3,0.0011500418186187744
42.0,S6,WP1,5.768349365098402e-05
42.0,S6,WP2,0.0011375714093446732
42.0,S6,WP3,0.0011321945348754525
56.0,S6,WP1,0.00014218153955880553
56.0,S6,WP2,0.0009875146206468344
56.0,S6,WP3,0.0009702516254037619
70.0,S6,WP1,0.00037887878715991974
70.0,S6,WP2,0.0009834574302658439
70.0,S6,WP3,0.0009822668507695198
85.0,S6,WP1,0.0007040170603431761
85.0,S6,WP2,0.0010003277566283941
85.0,S6,WP3,0.000995876151137054
98.0,S6,WP1,0.0009001136641018093
98.0,S6,WP2,0.0009952259715646505
98.0,S6,WP3,0.0009870821377262473
112.0,S6,WP1,0.001001007971353829
112.0,S6,WP2,0.0009652486769482493
112.0,S6,WP3,0.000959333498030901
126.0,S6,WP1,0.001004312769509852
126.0,S6,WP2,0.0009200916392728686
126.0,S6,WP3,0.0009106732904911041
140.0,S6,WP1,0.0010036471066996455
140.0,S6,WP2,0.0008730035042390227
140.0,S6,WP3,0.0008576955879107118
161.0,S6,WP1,0.000996334943920374
161.0,S6,WP2,0.0006415668758563697
161.0,S6,WP3,0.0006026691407896578
196.0,S6,WP1,0.0009466991177760065
196.0,S6,WP2,0.0006954133859835565
196.0,S6,WP3,0.000677495205309242
224.0,S6,WP1,0.0008812392479740083
224.0,S6,WP2,0.0007895521121099591
224.0,S6,WP3,0.0007711324142292142
252.0,S6,WP1,0.000873774173669517
252.0,S6,WP2,0.0006602730718441308
252.0,S6,WP3,0.00064586236840114
280.0,S6,WP1,0.0008853169856593013
280.0,S6,WP2,0.0007821709150448442
280.0,S6,WP3,0.000767140241805464
308.0,S6,WP1,0.000858333136420697
308.0,S6,WP2,0.0008286656229756773
308.0,S6,WP3,0.0008185559418052435
336.0,S6,WP1,0.0008438411168754101
336.0,S6,WP2,0.0007668819162063301
336.0,S6,WP3,0.0007678124820813537
364.0,S6,WP1,0.0008429827284999192
364.0,S6,WP2,0.0008346852846443653
364.0,S6,WP3,0.0008313829894177616
392.0,S6,WP1,0.0008215212146751583
392.0,S6,WP2,0.0007306263432838023
392.0,S6,WP3,0.0007263373117893934
420.0,S6,WP1,0.0008069347823038697
420.0,S6,WP2,0.0009272184688597918
420.0,S6,WP3,0.00092313316417858
455.0,S6,WP1,0.0008106455788947642
455.0,S6,WP2,0.0010232599452137947
455.0,S6,WP3,0.0010222322307527065
490.0,S6,WP1,0.0009228975395672023
490.0,S6,WP2,0.0009653462329879403
490.0,S6,WP3,0.0009443702874705195
518.0,S6,WP1,0.001006247359327972
518.0,S6,WP2,0.0009033210808411241
518.0,S6,WP3,0.0008804898243397474
546.0,S6,WP1,0.0010257819667458534
546.0,S6,WP2,0.0007400893955491483
546.0,S6,WP3,0.0007184211863204837
574.0,S6,WP1,0.0010226867161691189
574.0,S6,WP2,0.0006444589234888554
574.0,S6,WP3,0.0006275433115661144
609.0,S6,WP1,0.0009300558012910187
609.0,S6,WP2,0.0008656257996335626
609.0,S6,WP3,0.0008373274467885494
644.0,S6,WP1,0.0009166772360913455
644.0,S6,WP2,0.0007478480692952871
644.0,S6,WP3,0.000728542567230761
672.0,S6,WP1,0.0009500808664597571
672.0,S6,WP2,0.0006985319778323174
672.0,S6,WP3,0.0006947097135707736
700.0,S6,WP1,0.0009200882050208747
700.0,S6,WP2,0.0007674785447306931
700.0,S6,WP3,0.000765833945479244
728.0,S6,WP1,0.0008132349466904998
728.0,S6,WP2,0.0008581269066780806
728.0,S6,WP3,0.0008529073093086481
756.0,S6,WP1,0.0007940790965221822
756.0,S6,WP2,0.0009003785671666265
756.0,S6,WP3,0.000889170856680721
791.0,S6,WP1,0.0008965302840806544
791.0,S6,WP2,0.0009565461077727377
791.0,S6,WP3,0.0009450311190448701
826.0,S6,WP1,0.0009866636246442795
826.0,S6,WP2,0.0008358277264051139
826.0,S6,WP3,0.0008152714581228793
854.0,S6,WP1,0.000992029090411961
854.0,S6,WP2,0.0006422399892471731
854.0,S6,WP3,0.000624925596639514
2.0,C4,WP1,0.008446007035672665
2.0,C4,WP2,0.008089793846011162
2.0,C4,WP3,0.008050206117331982
6.0,C4,WP1,0.008446021936833858
6.0,C4,WP2,0.005945966579020023
6.0,C4,WP3,0.005642630625516176
10.0,C4,WP1,0.008446037769317627
10.0,C4,WP2,0.004270951729267836
10.0,C4,WP3,0.0038775713182985783
14.0,C4,WP1,0.00844605267047882
14.0,C4,WP2,0.003279642667621374
14.0,C4,WP3,0.002940177684649825
21.0,C4,WP1,0.008446075953543186
21.0,C4,WP2,0.0025424568448215723
21.0,C4,WP3,0.002543970011174679
28.0,C4,WP1,0.008445961400866508
28.0,C4,WP2,0.0025124247185885906
28.0,C4,WP3,0.002511770697310567
35.0,C4,WP1,0.008444796316325665
35.0,C4,WP2,0.002563057467341423
35.0,C4,WP3,0.0025664984714239836
42.0,C4,WP1,0.008411812596023083
42.0,C4,WP2,0.002499443246051669
42.0,C4,WP3,0.0025324218440800905
56.0,C4,WP1,0.007837078534066677
56.0,C4,WP2,0.0022242495324462652
56.0,C4,WP3,0.0022068731486797333
70.0,C4,WP1,0.0065984707325696945
70.0,C4,WP2,0.0021274059545248747
70.0,C4,WP3,0.002088799374178052
85.0,C4,WP1,0.005016038194298744
85.0,C4,WP2,0.002026355592533946
85.0,C4,WP3,0.001986972987651825
98.0,C4,WP1,0.003790507558733225
98.0,C4,WP2,0.002194109372794628
98.0,C4,WP3,0.0021856375969946384
112.0,C4,WP1,0.0027120853774249554
112.0,C4,WP2,0.0024047878105193377
112.0,C4,WP3,0.0024046667385846376
126.0,C4,WP1,0.0021910627838224173
126.0,C4,WP2,0.002547315089032054
126.0,C4,WP3,0.00254411855712533
140.0,C4,WP1,0.002160110045224428
140.0,C4,WP2,0.0025280145928263664
140.0,C4,WP3,0.0025148543063551188
161.0,C4,WP1,0.0022310088388621807
161.0,C4,WP2,0.002123805694282055
161.0,C4,WP3,0.002107831882312894
196.0,C4,WP1,0.002414349466562271
196.0,C4,WP2,0.00321233831346035
196.0,C4,WP3,0.0032162414863705635
224.0,C4,WP1,0.0026162604335695505
224.0,C4,WP2,0.0027611141558736563
224.0,C4,WP3,0.0027608107775449753
252.0,C4,WP1,0.002936024684458971
252.0,C4,WP2,0.0020428753923624754
252.0,C4,WP3,0.0020425457041710615
280.0,C4,WP1,0.0028671191539615393
280.0,C4,WP2,0.0024193166755139828
280.0,C4,WP3,0.002419349504634738
308.0,C4,WP1,0.0024956853594630957
308.0,C4,WP2,0.0023260002490133047
308.0,C4,WP3,0.0023206667974591255
336.0,C4,WP1,0.0023638135753571987
336.0,C4,WP2,0.001851375331170857
336.0,C4,WP3,0.0018510794034227729
364.0,C4,WP1,0.0022962763905525208
364.0,C4,WP2,0.001822675229050219
364.0,C4,WP3,0.001824300386942923
392.0,C4,WP1,0.0020898934453725815
392.0,C4,WP2,0.002013739664107561
392.0,C4,WP3,0.002011978765949607
420.0,C4,WP1,0.0019387721549719572
420.0,C4,WP2,0.002232971368357539
420.0,C4,WP3,0.002231435151770711
455.0,C4,WP1,0.0020020571537315845
455.0,C4,WP2,0.0028205662965774536
455.0,C4,WP3,0.0028176449704915285
490.0,C4,WP1,0.0023975600488483906
490.0,C4,WP2,0.0028160391375422478
490.0,C4,WP3,0.0028165921103209257
518.0,C4,WP1,0.002723647514358163
518.0,C4,WP2,0.003044334938749671
518.0,C4,WP3,0.003044459503144026
546.0,C4,WP1,0.0028870401438325644
546.0,C4,WP2,0.00234644184820354
546.0,C4,WP3,0.002346315886825323
574.0,C4,WP1,0.0028851618990302086
574.0,C4,WP2,0.0023532556369900703
574.0,C4,WP3,0.0023527389857918024
609.0,C4,WP1,0.0025615952908992767
609.0,C4,WP2,0.002748207887634635
609.0,C4,WP3,0.0027468290645629168
644.0,C4,WP1,0.0025319207925349474
644.0,C4,WP2,0.002282138681039214
644.0,C4,WP3,0.002282067434862256
672.0,C4,WP1,0.002551573095843196
672.0,C4,WP2,0.00204969453625381
672.0,C4,WP3,0.0020503620617091656
700.0,C4,WP1,0.002413674257695675
700.0,C4,WP2,0.002287821378558874
700.0,C4,WP3,0.0022877384908497334
728.0,C4,WP1,0.0022260616533458233
728.0,C4,WP2,0.0021569726523011923
728.0,C4,WP3,0.0021549565717577934
756.0,C4,WP1,0.002213982632383704
756.0,C4,WP2,0.0022932763677090406
756.0,C4,WP3,0.0022924316581338644
791.0,C4,WP1,0.0022597010247409344
791.0,C4,WP2,0.0024110733065754175
791.0,C4,WP3,0.0024101915769279003
826.0,C4,WP1,0.002385948318988085
826.0,C4,WP2,0.00233396771363914
826.0,C4,WP3,0.0023327330127358437
854.0,C4,WP1,0.002384733874350786
854.0,C4,WP2,0.0017333546420559287
854.0,C4,WP3,0.0017330627888441086
2.0,pH,WP1,6.674928188323975
2.0,pH,WP2,6.650083065032959
2.0,pH,WP3,6.647148132324219
6.0,pH,WP1,6.674928665161133
6.0,pH,WP2,6.526895523071289
6.0,pH,WP3,6.5067949295043945
10.0,pH,WP1,6.674929141998291
10.0,pH,WP2,6.452889442443848
10.0,pH,WP3,6.423128604888916
14.0,pH,WP1,6.67494010925293
14.0,pH,WP2,6.51068115234375
14.0,pH,WP3,6.577241897583008
21.0,pH,WP1,6.674957752227783
21.0,pH,WP2,6.821776390075684
21.0,pH,WP3,6.906862735748291
28.0,pH,WP1,6.6749444007873535
28.0,pH,WP2,6.832252025604248
28.0,pH,WP3,6.92140531539917
35.0,pH,WP1,6.675034523010254
35.0,pH,WP2,6.962841033935547
35.0,pH,WP3,7.006338119506836
42.0,pH,WP1,6.679270267486572
42.0,pH,WP2,7.0124897956848145
42.0,pH,WP3,7.026165962219238
56.0,pH,WP1,6.703287601470947
56.0,pH,WP2,6.784213542938232
56.0,pH,WP3,6.822263240814209
70.0,pH,WP1,6.716274261474609
70.0,pH,WP2,6.7501020431518555
70.0,pH,WP3,6.770552158355713
85.0,pH,WP1,6.6531596183776855
85.0,pH,WP2,6.724179267883301
85.0,pH,WP3,6.753205299377441
98.0,pH,WP1,6.427999019622803
98.0,pH,WP2,6.689841270446777
98.0,pH,WP3,6.7357635498046875
112.0,pH,WP1,6.450734615325928
112.0,pH,WP2,6.7695512771606445
112.0,pH,WP3,6.751302242279053
126.0,pH,WP1,6.7962446212768555
126.0,pH,WP2,6.7335591316223145
126.0,pH,WP3,6.723972320556641
140.0,pH,WP1,6.947169303894043
140.0,pH,WP2,6.711193084716797
140.0,pH,WP3,6.717015743255615
161.0,pH,WP1,7.287041664123535
161.0,pH,WP2,6.582993030548096
161.0,pH,WP3,6.523755073547363
196.0,pH,WP1,7.296658039093018
196.0,pH,WP2,6.764622211456299
196.0,pH,WP3,6.765191555023193
224.0,pH,WP1,6.742627143859863
224.0,pH,WP2,6.796889781951904
224.0,pH,WP3,6.814955234527588
252.0,pH,WP1,6.563782691955566
252.0,pH,WP2,6.570529937744141
252.0,pH,WP3,6.566804885864258
280.0,pH,WP1,6.485625267028809
280.0,pH,WP2,6.806751728057861
280.0,pH,WP3,6.817384243011475
308.0,pH,WP1,6.752150058746338
308.0,pH,WP2,6.854225158691406
308.0,pH,WP3,6.842503070831299
336.0,pH,WP1,6.9725751876831055
336.0,pH,WP2,6.71098518371582
336.0,pH,WP3,6.688572406768799
364.0,pH,WP1,6.700341701507568
364.0,pH,WP2,6.728604316711426
364.0,pH,WP3,6.72962760925293
392.0,pH,WP1,6.696887493133545
392.0,pH,WP2,6.698126792907715
392.0,pH,WP3,6.723109245300293
420.0,pH,WP1,6.681381702423096
420.0,pH,WP2,6.9100661277771
420.0,pH,WP3,6.953526973724365
455.0,pH,WP1,6.981747150421143
455.0,pH,WP2,6.752964496612549
455.0,pH,WP3,6.747989654541016
490.0,pH,WP1,6.997673034667969
490.0,pH,WP2,6.697598934173584
490.0,pH,WP3,6.7013750076293945
518.0,pH,WP1,6.73942756652832
518.0,pH,WP2,6.61391019821167
518.0,pH,WP3,6.611250400543213
546.0,pH,WP1,6.6304192543029785
546.0,pH,WP2,6.508942604064941
546.0,pH,WP3,6.511420249938965
574.0,pH,WP1,6.635440826416016
574.0,pH,WP2,6.608588695526123
574.0,pH,WP3,6.595646858215332
609.0,pH,WP1,6.651435375213623
609.0,pH,WP2,6.729530334472656
609.0,pH,WP3,6.716281414031982
644.0,pH,WP1,6.684869289398193
644.0,pH,WP2,6.602303981781006
644.0,pH,WP3,6.609969615936279
672.0,pH,WP1,6.690240383148193
672.0,pH,WP2,6.669724464416504
672.0,pH,WP3,6.659641265869141
700.0,pH,WP1,6.60096549987793
700.0,pH,WP2,6.761306285858154
700.0,pH,WP3,6.750779628753662
728.0,pH,WP1,6.840590476989746
728.0,pH,WP2,6.785295486450195
728.0,pH,WP3,6.793004512786865
756.0,pH,WP1,6.716347694396973
756.0,pH,WP2,6.726311683654785
756.0,pH,WP3,6.73384952545166
791.0,pH,WP1,6.685094833374023
791.0,pH,WP2,6.741877555847168
791.0,pH,WP3,6.740484714508057
826.0,pH,WP1,6.665106773376465
826.0,pH,WP2,6.558279037475586
826.0,pH,WP3,6.5430378913879395
854.0,pH,WP1,6.615272045135498
854.0,pH,WP2,6.472121715545654
854.0,pH,WP3,6.4708333015441895
